title,company,location,link
Python / Django - Backend Developers,OpenUnited,No office location,https://stackoverflow.com/jobs/566153
Python Software Engineer (Quant Trading Firm),"Old Mission Capital, LLC","Chicago, IL",https://stackoverflow.com/jobs/528807
Senior Backend Engineer - Python,Cornershop,"São Paulo, Brazil",https://stackoverflow.com/jobs/515697
Software Developer (Python),Picnic,"Amsterdam, Netherlands",https://stackoverflow.com/jobs/292346
Principal Python Engineer,ComplyAdvantage,"London, UK",https://stackoverflow.com/jobs/504216
Sr. Full Stack Engineer- Python,AutoTrader,"Toronto, ON, Canada",https://stackoverflow.com/jobs/529021
Software Developer | Python,Marley Spoon AG,"Lisbon, Portugal",https://stackoverflow.com/jobs/566072
Python Software Engineer - International growing scale-up!,Channable,"Utrecht, Netherlands",https://stackoverflow.com/jobs/265091
"Senior Software Engineer, Python",Chaturbate,"San Francisco, CA",https://stackoverflow.com/jobs/566183
Backend developer (Python/Django) with a passion for open source,5 Monkeys Agency ABvia5 Monkeys Agency AB,"Stockholm, Sweden",https://stackoverflow.com/jobs/565994
Senior Backend (Python / Django) Engineer (m/f/x),Alasco,"München, Germany",https://stackoverflow.com/jobs/559740
Full-Stack Engineer (Python OR Javascript),Neo4j,"Malmö, Sweden",https://stackoverflow.com/jobs/362199
Python Engineer,McD Tech Labs,"Mountain View, CA",https://stackoverflow.com/jobs/534766
Backend Engineer (Python/ Django),Sector Labs,"Dubai, United Arab Emirates",https://stackoverflow.com/jobs/518496
Python Software Engineer,Captivation Software,"Fort Meade, MD",https://stackoverflow.com/jobs/525426
"Data Engineer (Python, ETL)",Finsera,No office location,https://stackoverflow.com/jobs/536631
Python Developer (Remote),Finsera,No office location,https://stackoverflow.com/jobs/524065
Python Entwickler*in Remote (f/m/d),Ambient,"Köln, Deutschland",https://stackoverflow.com/jobs/493874
Senior Backend Engineer (Python/Django) (m/f/d),Motius GmbH,"Belgrad, Serbien",https://stackoverflow.com/jobs/565746
Senior Python/Django Full-stack Developer,Apicbase Belgium,No office location,https://stackoverflow.com/jobs/545356
Software Engineer (Java/Python),ComplyAdvantage,"London, UK",https://stackoverflow.com/jobs/528544
Senior Backend Engineer - Python - México,Cornershop by Uber,No office location,https://stackoverflow.com/jobs/526139
Lead/Senior Software Engineer (Python/Django),Sector Labs,"Dubai, United Arab Emirates",https://stackoverflow.com/jobs/551454
Junior Backend (Python / Django) Engineer (m/f/x),Alasco,"München, Germany",https://stackoverflow.com/jobs/559737
Python Developer (Remote),X-Team,No office location,https://stackoverflow.com/jobs/534454
Python Software Engineer,Sav.com,"Chicago, IL",https://stackoverflow.com/jobs/515692
Python Software Engineer,Captivation Software,"Fort Meade, MD",https://stackoverflow.com/jobs/525426
Software Engineer (Java/Python),ComplyAdvantage,"London, UK",https://stackoverflow.com/jobs/528544
Lead/Senior Software Engineer (Python/Django),Sector Labs,"Dubai, United Arab Emirates",https://stackoverflow.com/jobs/551454
Senior Backend Engineer (Python/Django) (m/f/d),Motius GmbH,"Belgrad, Serbien",https://stackoverflow.com/jobs/565746
Senior Python/Django Full-stack Developer,Apicbase Belgium,No office location,https://stackoverflow.com/jobs/515716
Backend developer (Python/Django) with a passion for open source,5 Monkeys Agency ABvia5 Monkeys Agency AB,"Göteborg, Sweden",https://stackoverflow.com/jobs/565993
Senior Backend Engineer - Python - México,Cornershop by Uber,No office location,https://stackoverflow.com/jobs/526139
(Senior) Full-Stack Web Developer - React | Typescript | Python | Kubernetes,Dynatrace,"Wien, Austria",https://stackoverflow.com/jobs/559763
"Python Back End Developer (FastAPI, Django, Celery)","Daupler, Inc.","Kansas City, MO",https://stackoverflow.com/jobs/523350
"Tech Lead, Python Systems Engineering",McD Tech Labs,"Mountain View, CA",https://stackoverflow.com/jobs/523801
"Senior IoT Developer (M/W/D/) Python, C++",VISPIRON CHARGE-V GmbH,"München, Deutschland",https://stackoverflow.com/jobs/524044
Python Developer (Remote),X-Team,No office location,https://stackoverflow.com/jobs/534454
Senior Fullstack Engineer (Python/Django/React)- #12 of Top-100 Marketplaces,StyleSeat,No office location,https://stackoverflow.com/jobs/561047
"Senior Software Engineer, Integration QA, Python",Canonical,No office location,https://stackoverflow.com/jobs/519661
"Python Software Engineer, Commercial Systems",Canonical,No office location,https://stackoverflow.com/jobs/566156
Senior Data Engineer (Python) - Remote,SemanticBits,No office location,https://stackoverflow.com/jobs/559051
Senior Software Engineer (Python),HENNGE K.K.,"Tokyo, Japan",https://stackoverflow.com/jobs/555511
"3D Pipeline Engineer (Python, Blender)",Geomagical Labs,"Mountain View, CA",https://stackoverflow.com/jobs/565737
"Senior Data Engineer (Python, Kafka, Airflow)",AMBOSS,"Berlin, Germany",https://stackoverflow.com/jobs/415218
Python Developer,Risk Focus,No office location,https://stackoverflow.com/jobs/552173
Software Engineer (Python AWS),Wizeline,"Phường 12 (Quận 10), Vietnam",https://stackoverflow.com/jobs/487852
Senior Python Backend Developer,Alfi Inc.,"Belfast, UK",https://stackoverflow.com/jobs/520640
"Python Software Engineer (Linux, Security)",diconium group,"Stuttgart, Deutschland",https://stackoverflow.com/jobs/556429
"Junior IoT Developer (M/W/D) Python, C++",VISPIRON CHARGE-V GmbH,"München, Deutschland",https://stackoverflow.com/jobs/548810
Software Engineers - Cloud Reliability & Infrastructure (Python or Java),Canva,"Sydney, Australia",https://stackoverflow.com/jobs/373689
Software Engineer (Python AWS),Wizeline,"Phường 12 (Quận 10), Vietnam",https://stackoverflow.com/jobs/487852
Python Engineer,Intel Corporation,"Gdańsk, Poland",https://stackoverflow.com/jobs/529943
Administrator / Systembetreuer Python (w/m/d),energy & meteo systems GmbH,"Oldenburg, Deutschland",https://stackoverflow.com/jobs/565266
"Back End Engineer (Python, AWS)",Modus Create,No office location,https://stackoverflow.com/jobs/560131
"Senior .Net Developer for ML, Computer Vision and Python Algorithm development",MapLarge,No office location,https://stackoverflow.com/jobs/165235
Python Developer suchen Kollegen (m/w/d),solute GmbH,"Karlsruhe, Deutschland",https://stackoverflow.com/jobs/284443
Senior Python Softwareentwickler:in (m/w/d),JobRad GmbH,"Freiburg im Breisgau, Deutschland",https://stackoverflow.com/jobs/563123
"QA Automation Engineer ( Python, Pytest)",Modus Create,No office location,https://stackoverflow.com/jobs/565910
A 'jack-of-all-trades' for an Agile team - Python Dev/ Tech Lead/ Scrum Master,Pentalog,"Hanoi, Vietnam",https://stackoverflow.com/jobs/554242
"Principal Software Engineer, Data (Python & pandas) - London",Synthace Ltd.,"London, UK",https://stackoverflow.com/jobs/554536
Fullstack Cloud Engineer (Python/React/AWS),Montash,No office location,https://stackoverflow.com/jobs/556128
Lead Software Engineer - Python Focus Big Loop Systems (m/f/d),CARIAD,"Ingolstadt, Germany",https://stackoverflow.com/jobs/547925
HPC Engineering Manager - Python & Linux,Canonical,No office location,https://stackoverflow.com/jobs/565980
"Software-Entwickler / Developer (w/m/d) Java, Python, UiPath - Operation Support",Daimler Group Services Berlin,"Berlin, Deutschland",https://stackoverflow.com/jobs/566052
"Senior Python Software Developer (m/f/d) @ our Partner ADSPERT (Berlin, remote)",solute GmbH,"Berlin, Deutschland",https://stackoverflow.com/jobs/547853
"IoT / Java, Python Entwickler (w/m/d) - bundesweit & Homeoffice",objective partner AG,"Weinheim, Deutschland",https://stackoverflow.com/jobs/550882
Lead/Expert Senior Python Engineer,Steeprock Inc,No office location,https://stackoverflow.com/jobs/565700
Mobile React Native Developer (Remote),Soshace LLC,No office location,https://stackoverflow.com/jobs/566209
Node.js Developer (Remote),Soshace LLC,No office location,https://stackoverflow.com/jobs/566208
Frontend React.js Developer (Remote),Soshace LLC,No office location,https://stackoverflow.com/jobs/566207
Analyste solution/ Chef de projet déploiement Smart O&M (H/F),ENGIE Digital,"Paris, France",https://stackoverflow.com/jobs/548602
DevOps Engineer with interesting scale up challenges,Channable,"Utrecht, Netherlands",https://stackoverflow.com/jobs/500253
Product Owner Smart O&M (H/F),ENGIE Digital,"Paris, France",https://stackoverflow.com/jobs/554454
QA Analyst (H/F),ENGIE Digital,"Paris, France",https://stackoverflow.com/jobs/528279
"Arista Networks is hiring Front End Engineer for Dublin office(JS, React+Redux)","Arista Networks, Inc","Dublin, Ireland",https://stackoverflow.com/jobs/482910
Senior Full-stack Web Developer,F-Secure,"Poznań, Poland",https://stackoverflow.com/jobs/526479
Senior Full-stack Web Developer,F-Secure,"Basingstoke, UK",https://stackoverflow.com/jobs/535566
Experienced Front-end Developer,F-Secure,"Helsinki, Finland",https://stackoverflow.com/jobs/552301
iOS Developers,F-Secure,"Helsinki, Finland",https://stackoverflow.com/jobs/552307
Android Developer,F-Secure,"Helsinki, Finland",https://stackoverflow.com/jobs/552308
Senior Data Scientist / Data Engineer,F-Secure,"Poznań, Poland",https://stackoverflow.com/jobs/538605
Penetration Tester - Cyber Security,F-Secure,"London, UK",https://stackoverflow.com/jobs/554863
Senior iOS Developer,Marks & Spencer,"London, UK",https://stackoverflow.com/jobs/530984
Full-Stack Software Engineer,Marks & Spencer,"London, UK",https://stackoverflow.com/jobs/530982
Senior Android Developer,Marks & Spencer,"London, UK",https://stackoverflow.com/jobs/530799
Softwareentwickler*in (m/w/x) (Vollzeit),Orendt Studios GmbH,"Hamburg, Deutschland",https://stackoverflow.com/jobs/565680
"Full Stack Software Engineer, Business Integrity",ByteDance,Singapore,https://stackoverflow.com/jobs/553099
Backend Engineer - Remote/On-Site,eLearning Industry,"Athens, Greece",https://stackoverflow.com/jobs/566140
Backend Software Engineer - SDVI Rally Core,SDVI,No office location,https://stackoverflow.com/jobs/451625
Backend Developer,AudioValley,"Paris, France",https://stackoverflow.com/jobs/518186
"Frontend Software Engineer, Business Integrity",ByteDance,Singapore,https://stackoverflow.com/jobs/553035
Full-Stack Software Engineer (C# + .NET 6 / React + Typescript) (f/m/d),HeidelbergCement AG,"Heidelberg, Deutschland",https://stackoverflow.com/jobs/559624
Full-Stack Senior Developer,AudioValley,"Paris, France",https://stackoverflow.com/jobs/566062
Full-stack web developer (in biodiversity informatics),INBO - Research Institute for Nature and Forest,"Brussels, Belgium",https://stackoverflow.com/jobs/565883
Senior Full Stack PHP Engineer (all genders),Goodgame Studios,"Hamburg, Deutschland",https://stackoverflow.com/jobs/566009
Fully Remote Senior Software Engineer (Cloud Platform Team) - MariaDB,MariaDBviaSource Coders,No office location,https://stackoverflow.com/jobs/565955
Senior Full Stack Developer at Kogan.com,We Are Common,"Melbourne, Australia",https://stackoverflow.com/jobs/531156
Staff Software Engineer,BillionToOne,"Menlo Park, CA",https://stackoverflow.com/jobs/565619
Software Engineer in Test,McD Tech Labs,"Mountain View, CA",https://stackoverflow.com/jobs/523806
Women in Tech - all levels - at sustainable start-up (f/x) - Munich or Remote,FINN,No office location,https://stackoverflow.com/jobs/565648
Full-Stack Technical Lead,SSENSE,"Austin, TX",https://stackoverflow.com/jobs/521737
"Software Developers for our offices in Berlin, Hamburg, Göttingen or Abingdon",Evotec SE,"Hamburg, Germany",https://stackoverflow.com/jobs/524299
Senior Full Stack Developer at Kogan.com,We Are Common,"Melbourne, Australia",https://stackoverflow.com/jobs/531156
Staff Software Engineer,BillionToOne,"Menlo Park, CA",https://stackoverflow.com/jobs/565619
Software Engineer in Test,McD Tech Labs,"Mountain View, CA",https://stackoverflow.com/jobs/523806
Backend Developer - APIs Team,Octopus Energy,"London, UK",https://stackoverflow.com/jobs/533658
Backend Engineer - all levels at - sustainable start-up (m/f/x)-Munich or Remote,FINN,"München, Germany",https://stackoverflow.com/jobs/331741
"Software Engineer, Python&TypeScript",Chaturbate,No office location,https://stackoverflow.com/jobs/566212
Backend Software Engineer for leading insurtech start-up,iptiQ by Swiss Re,"Hoofddorp, Netherlands",https://stackoverflow.com/jobs/472052
Remote Software Engineer (Node.js) - Electriphi - EV Fleet & Energy Management,ElectriphiviaSource Coders,No office location,https://stackoverflow.com/jobs/566233
React Front End Developer,"Daupler, Inc.","Kansas City, MO",https://stackoverflow.com/jobs/523351
Backend Software Engineer,Armored Things,"Boston, MA",https://stackoverflow.com/jobs/322319
Backend Developer,Octopus Energy,"London, UK",https://stackoverflow.com/jobs/197943
Full stack software engineer,Ailo,"Melbourne, Australia",https://stackoverflow.com/jobs/372382
VP Engineering at sustainable start-up (m/f/x) - Brazil/Latin America (Remote),FINN,"München, Germany",https://stackoverflow.com/jobs/445056
"Full-Stack Developer, Research & Development",Houston Astros Baseball R&D,"Houston, TX",https://stackoverflow.com/jobs/536288
Senior Software Developer (Full Stack),Jewel Paymentech Pte Ltd,Singapore,https://stackoverflow.com/jobs/534474
Senior Full Stack Software Engineer,kaliber.ai,"San Francisco, CA",https://stackoverflow.com/jobs/251476
Software Engineer (Backend) (m/f/d),QuantCo,"Berlin, Germany",https://stackoverflow.com/jobs/409511
C++ Software Engineer - Amsterdam,IMC Trading,"Amsterdam, Netherlands",https://stackoverflow.com/jobs/126614
Software Engineer (Monitoring System) - Working in Japan,LINE Fukuoka,"Fukuoka, Japan",https://stackoverflow.com/jobs/273841
Backend Engineer/ Working Student (m/f/d),Motius GmbH,"München, Deutschland",https://stackoverflow.com/jobs/565857
Senior Software Engineer (Frontend),Deepfield Networks,"Ann Arbor, MI",https://stackoverflow.com/jobs/185876
Full Stack Developer,Common Code,No office location,https://stackoverflow.com/jobs/545907
Senior Backend Architect (m/f/d),Motius GmbH,"München, Deutschland",https://stackoverflow.com/jobs/565858
Django Engineer (human) for Germany's leading local marketing platform,RegioHelden GmbH,"Stuttgart, Germany",https://stackoverflow.com/jobs/565651
(Senior) Android Software Developer - Munich,Paradox Cat GmbH,"München, Deutschland",https://stackoverflow.com/jobs/181583
Software Engineer - Build the next generation of AI platform,Signal AI,"London, UK",https://stackoverflow.com/jobs/246027
"Backend Software Engineer, Customer Service Platform",ByteDance,Singapore,https://stackoverflow.com/jobs/529048
Senior Software Engineer,ZAIKO K.K.,"Minato City, Japan",https://stackoverflow.com/jobs/524414
"Backend Software Engineer, DevOps",Avature,No office location,https://stackoverflow.com/jobs/565332
Senior Full Stack PHP Engineer (all genders),Goodgame Studios,"Hamburg, Deutschland",https://stackoverflow.com/jobs/566009
Fully Remote Senior Software Engineer (Cloud Platform Team) - MariaDB,MariaDBviaSource Coders,No office location,https://stackoverflow.com/jobs/565955
DevOps Engineer - 100% Remote,Disy Informationssysteme GmbH,"Karlsruhe, Deutschland",https://stackoverflow.com/jobs/383260
Full Stack Web Developer (m/w/d),solute GmbH,"Karlsruhe, Deutschland",https://stackoverflow.com/jobs/556141
Senior Full Stack Developer at Kogan.com,We Are Common,"Melbourne, Australia",https://stackoverflow.com/jobs/531156
Software Engineer (m/w/d) IoT – Schwerpunkt Stream Analytics,Schuler Pressen GmbH,"Göppingen, Deutschland",https://stackoverflow.com/jobs/562571
Front End Software Engineer – HPC Products,DUG Technology,"West Perth, Australia",https://stackoverflow.com/jobs/528137
Software Engineer in Test,McD Tech Labs,"Mountain View, CA",https://stackoverflow.com/jobs/523806
Backend Engineer,Passio Inc.,No office location,https://stackoverflow.com/jobs/555177
Junior Frontend (TypeScript / React) Engineer (m/f/x),Alasco,"München, Germany",https://stackoverflow.com/jobs/559738
"Backend Software Engineer, Business Integrity",ByteDance,Singapore,https://stackoverflow.com/jobs/553036
Senior Software Engineer - App Store APIs,Canonical,No office location,https://stackoverflow.com/jobs/551466
CDI -  Senior Developper - Rennes,Steeple,"Rennes, France",https://stackoverflow.com/jobs/530505
(Senior) Java Software Engineer | Gdansk,Dynatrace,"Gdańsk, Poland",https://stackoverflow.com/jobs/560068
Tech Lead Engineering at sustainable start-up (m/f/x) - Munich/Remote,FINN,"München, Germany",https://stackoverflow.com/jobs/541678
Lead Software Engineer in Test (Automation),Chaturbate,No office location,https://stackoverflow.com/jobs/566211
"Senior Software Engineer, Backend - Landscape",Canonical,No office location,https://stackoverflow.com/jobs/551337
Full-Stack Engineer - (Neo4j Aura),Neo4j,"London, UK",https://stackoverflow.com/jobs/435690
Software Engineer Apprentice,wepay,,https://www.indeed.com/viewjob?jk=4d532361313682c1&from=web&vjs=3
Entry Level Software Developer,Smoothstack Inc,United States,https://www.indeed.com/viewjob?jk=c7876fd158837b5f&from=web&vjs=3
"Learning Assistant - CyberSecurity Program (Remote, US)",Trilogy Instructional Engagement,Remote in New York State,https://www.indeed.com/viewjob?jk=e296efde2daf5573&from=web&vjs=3
"Threat Investigator, Information Operations",Facebook App,,https://www.indeed.com/viewjob?jk=7e238bc952d88a89&from=web&vjs=3
Jr. System Verification Tester,NOKIA,"Murray Hill, NJ",https://www.indeed.com/viewjob?jk=ddbb196041d1f518&from=web&vjs=3
Python Engineer,Gelber Group LLC,"Remote in Chicago, IL",https://www.indeed.com/viewjob?jk=2f533d895c7962b5&from=web&vjs=3
Senior Forecast Analyst - Python - Remote,"Harbor Freight Tools USA, Inc.","Remote in Calabasas, CA",https://www.indeed.com/viewjob?jk=81b49b54c4b8c549&from=web&vjs=3
Customer Onboarding Engineer,Mission Cloud Services,Remote,https://www.indeed.com/viewjob?jk=833bc327ce6f2033&from=web&vjs=3
Investigative Analyst,Graphika,"Remote in New York, NY",https://www.indeed.com/viewjob?jk=7ad1cb500d27cb40&from=web&vjs=3
Python Developer,Crunch.io,Remote in United States,https://www.indeed.com/viewjob?jk=b616c7551b5d0f3c&from=web&vjs=3
Business Analytics Specialist,Microsoft,,https://www.indeed.com/viewjob?jk=bb6758b4679dd1d6&from=web&vjs=3
Data Analyst I - Remote Available (North Carolina),Centene Corporation,,https://www.indeed.com/viewjob?jk=48e57cb8ce7ac9c7&from=web&vjs=3
"QA/Test Specialist - End to End Testing, Apple TV+",Apple,,https://www.indeed.com/viewjob?jk=2d412839ebd0aa47&from=web&vjs=3
Global Analyst,Ogilvy,,https://www.indeed.com/viewjob?jk=7b93774e0eee96ad&from=web&vjs=3
Software Back End Developer - Remote,Jacobs,"Remote in San Francisco, CA",https://www.indeed.com/viewjob?jk=909c32092b1a7bb2&from=web&vjs=3
